{
  "model_type": "linear_edit_spec_calibrator",
  "alpha": 1.0,
  "spec_keys": [
    "delta_level_z",
    "slope_ratio",
    "amp_ratio",
    "vol_ratio",
    "duration_ratio",
    "recovery_ratio",
    "floor_ratio"
  ],
  "feature_mean": [
    1.0166666666666666,
    0.9979166666666665,
    0.5916666666666669,
    0.2725694444444445,
    0.45659722222222215,
    0.19270833333333334,
    999.5096831597222,
    1.4449026293808014,
    996.9355233319963,
    0.316739976960027,
    996.9619663314085,
    0.12681565325614522,
    1.4449026293808014,
    -0.042902663795504996,
    0.031147721645429605,
    0.02913819913898462,
    -1.7442071907417347,
    0.20833333333333334,
    0.16666666666666666,
    0.125,
    0.16666666666666666,
    0.16666666666666666,
    0.16666666666666666,
    0.375,
    0.3333333333333333,
    0.2916666666666667,
    0.20833333333333334,
    0.16666666666666666,
    0.625,
    0.0,
    0.0,
    0.20833333333333334,
    0.0,
    0.3333333333333333,
    0.4583333333333333,
    0.20833333333333334,
    0.16666666666666666,
    0.2916666666666667,
    0.16666666666666666,
    0.16666666666666666
  ],
  "feature_std": [
    0.037267799624996524,
    0.5487636039822207,
    0.3167762968124702,
    0.32653199433687546,
    0.37528522460536445,
    0.08317041365974644,
    4.765117665151408,
    0.3638388680247039,
    4.988175693432106,
    0.1157821456777283,
    5.050568073535629,
    0.11824704081465331,
    0.3638388680247039,
    0.02308357016772804,
    0.0062063218062927954,
    0.2223030357841154,
    0.7260302290954245,
    0.40611643103370676,
    0.3726779962499649,
    0.33071891388307384,
    0.3726779962499649,
    0.3726779962499649,
    0.3726779962499649,
    0.4841229182759271,
    0.4714045207910317,
    0.45452967144315487,
    0.40611643103370676,
    0.3726779962499649,
    0.4841229182759271,
    1.0,
    1.0,
    0.40611643103370676,
    1.0,
    0.4714045207910317,
    0.49826086429589167,
    0.40611643103370676,
    0.3726779962499649,
    0.45452967144315487,
    0.3726779962499649,
    0.3726779962499649
  ],
  "weights": [
    [
      -0.011576650365427174,
      0.03549213864608847,
      0.02328365507909032,
      -0.016899713607909723,
      0.014372126098623721,
      0.008316299558279464,
      -0.007453893236205612
    ],
    [
      -0.05648162286392427,
      0.018279046734896057,
      0.05457721023850473,
      0.025159294063156045,
      0.0377686500704802,
      0.008326942567943934,
      0.004012244671407656
    ],
    [
      -0.036354118963342306,
      0.011337146375880028,
      0.032064422940056986,
      0.0364282113686232,
      0.041392173376832306,
      0.007403997360212945,
      0.0074408867735313465
    ],
    [
      0.17778516384286178,
      0.0033429917217108057,
      0.04006012595607032,
      0.005679393810275664,
      0.004243977034712796,
      0.0003810653879291706,
      -0.009237158684405816
    ],
    [
      0.1451595285075302,
      0.005715641805050748,
      0.04319343746930922,
      0.014638012348971023,
      0.014536719657659054,
      0.002241571701214261,
      -0.006035854291751518
    ],
    [
      -0.035112764780820496,
      0.00834581482989859,
      0.02990170185595846,
      0.03751228942681087,
      0.03988149206350483,
      0.006664465944790576,
      0.007989212000258344
    ],
    [
      -0.0015506598196747881,
      5.9231162618228544e-05,
      0.009805994740546269,
      0.00290317912455988,
      0.0010794504390075187,
      -0.0001866993983462553,
      -0.00495053950094204
    ],
    [
      0.03290518248402356,
      -0.0010501685869795123,
      0.011051165173788655,
      0.002459229108299935,
      -0.0001828255889342556,
      -0.0005421723938517788,
      -0.0016469118928110302
    ],
    [
      -0.045633250153962815,
      -0.0003938531785224148,
      0.005541671495843296,
      0.00042597836175078767,
      -0.0005579227245907603,
      -0.000278102079501764,
      -0.003236710772824529
    ],
    [
      -0.0337539424373687,
      0.0026119176782240616,
      0.008534435882031215,
      0.0009440088806445483,
      0.0030329094313603796,
      0.0008779610186279752,
      -0.018822591577238534
    ],
    [
      -0.02673691751721961,
      -3.343191694726378e-05,
      0.005387075028428021,
      0.001960769378534784,
      0.00023236175250529426,
      -0.0002999340991158209,
      0.004674195787865904
    ],
    [
      -0.07556782233691187,
      -0.00913757706404282,
      -0.03583313141439633,
      -0.01336625422665975,
      -0.018350746240760694,
      -0.0038237673068601285,
      0.007012680982271818
    ],
    [
      0.03290518248402393,
      -0.0010501685869795101,
      0.011051165173789193,
      0.0024592291083000376,
      -0.0001828255889341881,
      -0.0005421723938518064,
      -0.0016469118928110042
    ],
    [
      -0.15901468095887433,
      -0.0016222593926006625,
      -0.013778838922014624,
      -0.008454162517894341,
      -0.0057232083769114496,
      -0.00035925799788447344,
      0.005375122630951502
    ],
    [
      -0.23120724936053477,
      0.002735487621586191,
      -0.005120178875214831,
      -0.00727298143914412,
      -9.285473080375749e-05,
      0.0013816916796081623,
      0.0017415077582673651
    ],
    [
      0.23029005291045698,
      0.007149603871611157,
      0.02787337051375559,
      0.01776878895860371,
      0.015144192869613304,
      0.001845425206858426,
      0.008953027302020555
    ],
    [
      -0.006095880145883914,
      0.0010737030434110366,
      0.0030806334200221123,
      0.0009043728391327092,
      0.0009338080094822525,
      0.00015098252904312433,
      -0.006943456691081733
    ],
    [
      0.03876571141925151,
      -0.021231977754897085,
      -0.03794039928114957,
      -0.03067179534062731,
      -0.04447955710515212,
      -0.009603884781681523,
      -0.005117439640416854
    ],
    [
      -0.011576650365424965,
      0.03549213864608913,
      0.02328365507909109,
      -0.016899713607910316,
      0.014372126098627246,
      0.008316299558279106,
      -0.007453893236206069
    ],
    [
      -0.2722086390046174,
      0.09322450010018497,
      0.10040506664635254,
      -0.03997800365715278,
      0.005944381105952619,
      0.0098540340981967,
      -0.041755429189134746
    ],
    [
      -0.013724985351919846,
      -0.08512202897809198,
      -0.15678905858730927,
      -0.05314901161914088,
      0.006764676669285058,
      0.012702166871304722,
      0.07771897650272785
    ],
    [
      -0.08993024529590384,
      -0.06113484729620902,
      0.03069154148753206,
      0.19661555082893797,
      0.018568785598161507,
      -0.03173172659071614,
      -0.019834848494149793
    ],
    [
      0.31454913027555137,
      0.05117321192964513,
      0.055057795870627674,
      -0.057666052644486376,
      0.003489770320036092,
      0.012434263181773235,
      -0.007799366642735346
    ],
    [
      -0.036708923664191095,
      -0.06487250703364535,
      -0.008200721789410951,
      0.12562505752457936,
      -0.023018330170511286,
      -0.03248351007834642,
      -0.019561742602981727
    ],
    [
      0.2395207762164006,
      0.06851497550907458,
      0.0619343550508666,
      -0.058949414208323045,
      0.014121069003241537,
      0.016404760247197718,
      -0.012058760739979038
    ],
    [
      -0.2093142680402763,
      -0.001962472049466151,
      -0.055499077801679696,
      -0.07266621119964624,
      0.009871666672958513,
      0.01758462440213259,
      0.03334181065751748
    ],
    [
      0.03876571141925119,
      -0.02123197775489755,
      -0.03794039928115012,
      -0.0306717953406268,
      -0.044479557105149496,
      -0.009603884781681477,
      -0.005117439640416975
    ],
    [
      -0.011576650365425064,
      0.03549213864608936,
      0.02328365507909143,
      -0.016899713607910257,
      0.014372126098627104,
      0.008316299558279054,
      -0.007453893236206325
    ],
    [
