{
  "model_name": "naive_last",
  "forecast_horizon": 24,
  "prediction": [
    12.72599983215332,
    12.72599983215332,
    12.72599983215332,
    12.72599983215332,
    12.72599983215332,
    12.72599983215332,
    12.72599983215332,
    12.72599983215332,
    12.72599983215332,
    12.72599983215332,
    12.72599983215332,
    12.72599983215332,
    12.72599983215332,
    12.72599983215332,
    12.72599983215332,
    12.72599983215332,
    12.72599983215332,
    12.72599983215332,
    12.72599983215332,
    12.72599983215332,
    12.72599983215332,
    12.72599983215332,
    12.72599983215332,
    12.72599983215332
  ]
}