{
  "history_ts": [
    5.827000141143799,
    5.692999839782715,
    5.1570000648498535,
    5.090000152587892,
    5.357999801635742,
    5.625999927520752,
    7.166999816894531,
    7.434999942779541,
    5.559000015258789,
    4.554999828338623,
    4.956999778747559,
    5.760000228881836,
    4.689000129699707,
    4.689000129699707,
    5.090000152587892,
    5.090000152587892,
    4.2199997901916495,
    4.75600004196167,
    5.625999927520752,
    5.492000102996826,
    5.357999801635742,
    5.090000152587892,
    4.822999954223633,
    4.622000217437744,
    5.223999977111816,
    5.1570000648498535,
    5.1570000648498535,
    5.1570000648498535,
    4.554999828338623,
    5.425000190734863,
    5.492000102996826,
    5.625999927520752,
    5.559000015258789,
    5.223999977111816,
    9.913000106811523,
    11.788000106811523,
    9.645000457763672,
    10.381999969482422,
    8.77400016784668,
    10.449000358581545,
    9.845999717712402,
    9.913000106811523,
    10.649999618530272,
    10.11400032043457,
    9.979999542236328,
    9.3100004196167,
    9.444000244140623,
    9.444000244140623,
    10.381999969482422,
    9.779000282287598,
    10.381999969482422,
    9.779000282287598,
    10.717000007629396,
    10.3149995803833,
    12.592000007629396,
    11.119000434875488,
    10.649999618530272,
    10.04699993133545,
    11.720999717712402,
    12.123000144958494,
    9.979999542236328,
    9.243000030517578,
    10.180999755859377,
    9.645000457763672,
    9.779000282287598,
    11.119000434875488,
    11.052000045776367,
    10.784000396728516,
    11.185999870300291,
    10.449000358581545,
    9.57800006866455,
    9.3100004196167,
    9.913000106811523,
    8.975000381469727,
    8.640000343322754,
    9.175999641418455,
    9.109000205993652,
    9.845999717712402,
    11.588000297546388,
    11.788000106811523,
    10.583000183105469,
    11.588000297546388,
    11.92199993133545,
    12.324000358581545,
    10.381999969482422,
    10.04699993133545,
    10.515999794006348,
    10.717000007629396,
    9.979999542236328,
    11.31999969482422,
    11.38700008392334,
    9.376999855041504,
    10.11400032043457,
    10.381999969482422,
    9.645000457763672,
    12.72599983215332
  ],
  "forecast_horizon": 24
}