{
  "model_name": "dlinear_like",
  "forecast_horizon": 24,
  "prediction": [
    12.202516524101558,
    12.277157327793116,
    12.35179813148467,
    12.426438935176225,
    12.501079738867782,
    12.575720542559338,
    12.650361346250893,
    12.725002149942448,
    12.799642953634004,
    12.87428375732556,
    12.948924561017115,
    13.02356536470867,
    13.098206168400228,
    13.172846972091783,
    13.247487775783338,
    13.322128579474892,
    13.39676938316645,
    13.471410186858005,
    13.54605099054956,
    13.620691794241115,
    13.695332597932673,
    13.769973401624227,
    13.844614205315782,
    13.919255009007337
  ]
}