{
  "benchmark_path": "results/forecast_revision/benchmarks/weather_dlinear_v2/forecast_revision_Weather_dlinear_like_30.json",
  "run_timestamp_utc": "2026-03-17T13:10:35.257229+00:00",
  "calibration_strategy": "rule_local_stats",
  "modes": {
    "localized_full_revision": {
      "output_path": "results/forecast_revision/calibration/20260317_semi_oracle_v1/weather_dlinear_v2/localized_full_revision.json",
      "summary": {
        "total": 30,
        "successful": 30,
        "failed": 0,
        "avg_base_mae_vs_revision_target": 0.25614453675442456,
        "avg_edited_mae_vs_revision_target": 0.25556088226597623,
        "avg_base_mae_vs_future_gt": 1.2463243517765406,
        "avg_edited_mae_vs_future_gt": 1.4762088416292947,
        "avg_edited_mse_vs_revision_target": 0.5304754783010021,
        "avg_edited_smape_vs_revision_target": 0.00025660855310987064,
        "avg_future_t_iou": 0.6833333333333333,
        "avg_revision_gain": 0.000583654488448343,
        "avg_magnitude_calibration_error": 0.9039365268938646,
        "avg_outside_region_preservation": 0.951581855104889,
        "avg_over_edit_rate": 0.05185185185185185,
        "avg_normalized_parameter_error": 0.26805032507374615,
        "avg_peak_delta_error": 1.1202688270695527,
        "avg_signed_area_error": 4.375333185017556,
        "avg_duration_error": 0.5,
        "avg_recovery_slope_error": 0.6911924333511706,
        "avg_revision_needed_match": 1.0,
        "avg_effect_family_match": 0.8666666666666667,
        "avg_direction_match": 1.0,
        "avg_shape_match": 0.8666666666666667,
        "avg_duration_match": 0.5333333333333333,
        "avg_strength_match": 0.6666666666666666,
        "avg_intent_match_score": 0.7866666666666667,
        "applicable_count": 24,
        "applicable_avg_base_mae_vs_revision_target": 0.32018067094303065,
        "applicable_avg_edited_mae_vs_revision_target": 0.31945110283247025,
        "applicable_avg_base_mae_vs_future_gt": 1.2372747044938124,
        "applicable_avg_edited_mae_vs_future_gt": 1.5246303168097548,
        "applicable_avg_future_t_iou": 0.8541666666666666,
        "applicable_avg_revision_gain": 0.0007295681105604282,
        "applicable_avg_magnitude_calibration_error": 1.1299206586173307,
        "applicable_avg_outside_region_preservation": 0.9394773188811114,
        "applicable_avg_over_edit_rate": 0.06481481481481481,
        "applicable_avg_normalized_parameter_error": 0.33506290634218266,
        "applicable_avg_peak_delta_error": 1.4003360338369408,
        "applicable_avg_signed_area_error": 5.469166481271945,
        "applicable_avg_duration_error": 0.625,
        "applicable_avg_recovery_slope_error": 0.8639905416889633,
        "applicable_avg_revision_needed_match": 1.0,
        "non_applicable_count": 6,
        "non_applicable_avg_base_mae_vs_revision_target": 0.0,
        "non_applicable_avg_edited_mae_vs_revision_target": 0.0,
        "non_applicable_avg_base_mae_vs_future_gt": 1.2825229409074537,
        "non_applicable_avg_edited_mae_vs_future_gt": 1.2825229409074537,
        "non_applicable_avg_future_t_iou": 0.0,
        "non_applicable_avg_revision_gain": 0.0,
        "non_applicable_avg_magnitude_calibration_error": 0.0,
        "non_applicable_avg_outside_region_preservation": 1.0,
        "non_applicable_avg_over_edit_rate": 0.0,
        "non_applicable_avg_normalized_parameter_error": 0.0,
        "non_applicable_avg_peak_delta_error": 0.0,
        "non_applicable_avg_signed_area_error": 0.0,
        "non_applicable_avg_duration_error": 0.0,
        "non_applicable_avg_recovery_slope_error": 0.0,
        "non_applicable_avg_revision_needed_match": 1.0
      }
    },
    "oracle_region": {
      "output_path": "results/forecast_revision/calibration/20260317_semi_oracle_v1/weather_dlinear_v2/oracle_region.json",
      "summary": {
        "total": 30,
        "successful": 30,
        "failed": 0,
        "avg_base_mae_vs_revision_target": 0.25614453675442456,
        "avg_edited_mae_vs_revision_target": 0.22313056284883684,
        "avg_base_mae_vs_future_gt": 1.2463243517765406,
        "avg_edited_mae_vs_future_gt": 1.4384910679234946,
        "avg_edited_mse_vs_revision_target": 0.4541090008463175,
        "avg_edited_smape_vs_revision_target": 0.0002240404311239773,
        "avg_future_t_iou": 0.8,
        "avg_revision_gain": 0.03301397390558774,
        "avg_magnitude_calibration_error": 0.9194696839106395,
        "avg_outside_region_preservation": 1.0,
        "avg_over_edit_rate": 0.0,
        "avg_normalized_parameter_error": 0.26805032507374627,
        "avg_peak_delta_error": 1.1492498392058679,
        "avg_signed_area_error": 4.567381181099912,
        "avg_duration_error": 0.5,
        "avg_recovery_slope_error": 0.6453140895515844,
        "avg_revision_needed_match": 1.0,
        "avg_effect_family_match": 0.8666666666666667,
        "avg_direction_match": 1.0,
        "avg_shape_match": 0.8666666666666667,
        "avg_duration_match": 0.5333333333333333,
        "avg_strength_match": 0.6666666666666666,
        "avg_intent_match_score": 0.7866666666666667,
        "applicable_count": 24,
        "applicable_avg_base_mae_vs_revision_target": 0.32018067094303065,
        "applicable_avg_edited_mae_vs_revision_target": 0.27891320356104604,
        "applicable_avg_base_mae_vs_future_gt": 1.2372747044938124,
        "applicable_avg_edited_mae_vs_future_gt": 1.4774830996775048,
        "applicable_avg_future_t_iou": 1.0,
        "applicable_avg_revision_gain": 0.04126746738198467,
        "applicable_avg_magnitude_calibration_error": 1.1493371048882997,
        "applicable_avg_outside_region_preservation": 1.0,
        "applicable_avg_over_edit_rate": 0.0,
        "applicable_avg_normalized_parameter_error": 0.33506290634218283,
        "applicable_avg_peak_delta_error": 1.4365622990073348,
        "applicable_avg_signed_area_error": 5.70922647637489,
        "applicable_avg_duration_error": 0.625,
        "applicable_avg_recovery_slope_error": 0.8066426119394805,
        "applicable_avg_revision_needed_match": 1.0,
        "non_applicable_count": 6,
        "non_applicable_avg_base_mae_vs_revision_target": 0.0,
        "non_applicable_avg_edited_mae_vs_revision_target": 0.0,
        "non_applicable_avg_base_mae_vs_future_gt": 1.2825229409074537,
        "non_applicable_avg_edited_mae_vs_future_gt": 1.2825229409074537,
        "non_applicable_avg_future_t_iou": 0.0,
        "non_applicable_avg_revision_gain": 0.0,
        "non_applicable_avg_magnitude_calibration_error": 0.0,
        "non_applicable_avg_outside_region_preservation": 1.0,
        "non_applicable_avg_over_edit_rate": 0.0,
        "non_applicable_avg_normalized_parameter_error": 0.0,
        "non_applicable_avg_peak_delta_error": 0.0,
        "non_applicable_avg_signed_area_error": 0.0,
        "non_applicable_avg_duration_error": 0.0,
        "non_applicable_avg_recovery_slope_error": 0.0,
        "non_applicable_avg_revision_needed_match": 1.0
      }
    },
    "oracle_tool": {
      "output_path": "results/forecast_revision/calibration/20260317_semi_oracle_v1/weather_dlinear_v2/oracle_tool.json",
      "summary": {
        "total": 30,
        "successful": 30,
        "failed": 0,
        "avg_base_mae_vs_revision_target": 0.25614453675442456,
        "avg_edited_mae_vs_revision_target": 0.17152329707591601,
        "avg_base_mae_vs_future_gt": 1.2463243517765406,
        "avg_edited_mae_vs_future_gt": 1.3948363831550197,
        "avg_edited_mse_vs_revision_target": 0.33552800466858096,
        "avg_edited_smape_vs_revision_target": 0.00017214753357728367,
        "avg_future_t_iou": 0.8,
        "avg_revision_gain": 0.08462123967850851,
        "avg_magnitude_calibration_error": 0.7129253583137284,
        "avg_outside_region_preservation": 1.0,
        "avg_over_edit_rate": 0.0,
        "avg_normalized_parameter_error": 0.3069364005371015,
        "avg_peak_delta_error": 0.8975824512457999,