{
  "benchmark_path": "results/forecast_revision/benchmarks/xtraffic_p01_speed_dlinear_v2/forecast_revision_XTraffic_dlinear_like_9.json",
  "run_timestamp_utc": "2026-03-17T13:13:01.166469+00:00",
  "calibration_strategy": "rule_local_stats",
  "modes": {
    "localized_full_revision": {
      "output_path": "results/forecast_revision/calibration/20260317_semi_oracle_v1/xtraffic_dlinear_v2/localized_full_revision.json",
      "summary": {
        "total": 9,
        "successful": 9,
        "failed": 0,
        "avg_base_mae_vs_revision_target": 4.994511038275812,
        "avg_edited_mae_vs_revision_target": 4.576516179488949,
        "avg_base_mae_vs_future_gt": 4.994511038275812,
        "avg_edited_mae_vs_future_gt": 4.576516179488949,
        "avg_edited_mse_vs_revision_target": 61.847032651130206,
        "avg_edited_smape_vs_revision_target": 0.080659555370936,
        "avg_future_t_iou": 0.5043771043771044,
        "avg_revision_gain": 0.41799485878686315,
        "avg_magnitude_calibration_error": 2.5753912167797957,
        "avg_outside_region_preservation": 0.49668859614037913,
        "avg_over_edit_rate": 0.08619844681225756,
        "avg_normalized_parameter_error": 0.9942801595025342,
        "avg_peak_delta_error": 3.5858847315332523,
        "avg_signed_area_error": 48.78373876229536,
        "avg_duration_error": 4.333333333333333,
        "avg_recovery_slope_error": 0.8334787670562078,
        "avg_revision_needed_match": 1.0,
        "avg_effect_family_match": 1.0,
        "avg_direction_match": 1.0,
        "avg_shape_match": 1.0,
        "avg_duration_match": 0.8888888888888888,
        "avg_strength_match": 0.0,
        "avg_intent_match_score": 0.7777777777777778,
        "applicable_count": 9,
        "applicable_avg_base_mae_vs_revision_target": 4.994511038275812,
        "applicable_avg_edited_mae_vs_revision_target": 4.576516179488949,
        "applicable_avg_base_mae_vs_future_gt": 4.994511038275812,
        "applicable_avg_edited_mae_vs_future_gt": 4.576516179488949,
        "applicable_avg_future_t_iou": 0.5043771043771044,
        "applicable_avg_revision_gain": 0.41799485878686315,
        "applicable_avg_magnitude_calibration_error": 2.5753912167797957,
        "applicable_avg_outside_region_preservation": 0.49668859614037913,
        "applicable_avg_over_edit_rate": 0.08619844681225756,
        "applicable_avg_normalized_parameter_error": 0.9942801595025342,
        "applicable_avg_peak_delta_error": 3.5858847315332523,
        "applicable_avg_signed_area_error": 48.78373876229536,
        "applicable_avg_duration_error": 4.333333333333333,
        "applicable_avg_recovery_slope_error": 0.8334787670562078,
        "applicable_avg_revision_needed_match": 1.0,
        "non_applicable_count": 0
      }
    },
    "oracle_region": {
      "output_path": "results/forecast_revision/calibration/20260317_semi_oracle_v1/xtraffic_dlinear_v2/oracle_region.json",
      "summary": {
        "total": 9,
        "successful": 9,
        "failed": 0,
        "avg_base_mae_vs_revision_target": 4.994511038275812,
        "avg_edited_mae_vs_revision_target": 4.737895416923726,
        "avg_base_mae_vs_future_gt": 4.994511038275812,
        "avg_edited_mae_vs_future_gt": 4.737895416923726,
        "avg_edited_mse_vs_revision_target": 64.52648055359397,
        "avg_edited_smape_vs_revision_target": 0.08318742682420947,
        "avg_future_t_iou": 1.0,
        "avg_revision_gain": 0.25661562135208665,
        "avg_magnitude_calibration_error": 2.5142138899852835,
        "avg_outside_region_preservation": 1.0,
        "avg_over_edit_rate": 0.0,
        "avg_normalized_parameter_error": 0.9942801595025342,
        "avg_peak_delta_error": 3.585884731533253,
        "avg_signed_area_error": 45.418985788597105,
        "avg_duration_error": 4.333333333333333,
        "avg_recovery_slope_error": 0.7952823968697467,
        "avg_revision_needed_match": 1.0,
        "avg_effect_family_match": 1.0,
        "avg_direction_match": 1.0,
        "avg_shape_match": 1.0,
        "avg_duration_match": 0.8888888888888888,
        "avg_strength_match": 0.0,
        "avg_intent_match_score": 0.7777777777777778,
        "applicable_count": 9,
        "applicable_avg_base_mae_vs_revision_target": 4.994511038275812,
        "applicable_avg_edited_mae_vs_revision_target": 4.737895416923726,
        "applicable_avg_base_mae_vs_future_gt": 4.994511038275812,
        "applicable_avg_edited_mae_vs_future_gt": 4.737895416923726,
        "applicable_avg_future_t_iou": 1.0,
        "applicable_avg_revision_gain": 0.25661562135208665,
        "applicable_avg_magnitude_calibration_error": 2.5142138899852835,
        "applicable_avg_outside_region_preservation": 1.0,
        "applicable_avg_over_edit_rate": 0.0,
        "applicable_avg_normalized_parameter_error": 0.9942801595025342,
        "applicable_avg_peak_delta_error": 3.585884731533253,
        "applicable_avg_signed_area_error": 45.418985788597105,
        "applicable_avg_duration_error": 4.333333333333333,
        "applicable_avg_recovery_slope_error": 0.7952823968697467,
        "applicable_avg_revision_needed_match": 1.0,
        "non_applicable_count": 0
      }
    },
    "oracle_tool": {
      "output_path": "results/forecast_revision/calibration/20260317_semi_oracle_v1/xtraffic_dlinear_v2/oracle_tool.json",
      "summary": {
        "total": 9,
        "successful": 9,
        "failed": 0,
        "avg_base_mae_vs_revision_target": 4.994511038275812,
        "avg_edited_mae_vs_revision_target": 4.736616740665714,
        "avg_base_mae_vs_future_gt": 4.994511038275812,
        "avg_edited_mae_vs_future_gt": 4.736616740665714,
        "avg_edited_mse_vs_revision_target": 64.85677223895661,
        "avg_edited_smape_vs_revision_target": 0.08313871084459916,
        "avg_future_t_iou": 1.0,
        "avg_revision_gain": 0.2578942976100968,
        "avg_magnitude_calibration_error": 1.9535098155094102,
        "avg_outside_region_preservation": 1.0,
        "avg_over_edit_rate": 0.0,
        "avg_normalized_parameter_error": 0.9298062661078228,
        "avg_peak_delta_error": 4.149054199174219,
        "avg_signed_area_error": 47.448647257829904,
        "avg_duration_error": 5.555555555555555,
        "avg_recovery_slope_error": 0.7952823968697469,
        "avg_revision_needed_match": 1.0,
        "avg_effect_family_match": 1.0,
        "avg_direction_match": 1.0,
        "avg_shape_match": 1.0,
        "avg_duration_match": 1.0,
        "avg_strength_match": 1.0,
        "avg_intent_match_score": 1.0,
        "applicable_count": 9,
        "applicable_avg_base_mae_vs_revision_target": 4.994511038275812,
        "applicable_avg_edited_mae_vs_revision_target": 4.736616740665714,
        "applicable_avg_base_mae_vs_future_gt": 4.994511038275812,
        "applicable_avg_edited_mae_vs_future_gt": 4.736616740665714,
        "applicable_avg_future_t_iou": 1.0,
        "applicable_avg_revision_gain": 0.2578942976100968,
        "applicable_avg_magnitude_calibration_error": 1.9535098155094102,
        "applicable_avg_outside_region_preservation": 1.0,
        "applicable_avg_over_edit_rate": 0.0,
        "applicable_avg_normalized_parameter_error": 0.9298062661078228,
        "applicable_avg_peak_delta_error": 4.149054199174219,
        "applicable_avg_signed_area_error": 47.448647257829904,
        "applicable_avg_duration_error": 5.555555555555555,
        "applicable_avg_recovery_slope_error": 0.7952823968697469,
        "applicable_avg_revision_needed_match": 1.0,
        "non_applicable_count": 0
      }
    },
    "oracle_intent": {
      "output_path": "results/forecast_revision/calibration/20260317_semi_oracle_v1/xtraffic_dlinear_v2/oracle_intent.json",
      "summary": {
        "total": 9,
        "successful": 9,
        "failed": 0,
        "avg_base_mae_vs_revision_target": 4.994511038275812,
        "avg_edited_mae_vs_revision_target": 4.736616740665714,